1,2016-01-01,2,Mireya,Copeland
2,2016-01-01,6,Marcelene,Boyer
3,2016-01-02,7,Venita,Daniel
4,2016-01-03,3,Genna,Serrano
5,2016-01-03,6,Marcelene,Boyer
6,2016-01-04,6,Marcelene,Boyer
7,2016-01-04,6,Marcelene,Boyer
8,2016-01-04,7,Venita,Daniel
9,2016-01-05,2,Mireya,Copeland
10,2016-01-05,6,Marcelene,Boyer
11,2016-01-05,7,Venita,Daniel
12,2016-01-06,2,Mireya,Copeland
13,2016-01-08,6,Marcelene,Boyer
14,2016-01-09,3,Genna,Serrano
15,2016-01-09,7,Venita,Daniel
16,2016-01-12,3,Genna,Serrano
17,2016-01-12,3,Genna,Serrano
18,2016-01-14,3,Genna,Serrano
19,2016-01-14,2,Mireya,Copeland
20,2016-01-14,2,Mireya,Copeland
21,2016-01-15,6,Marcelene,Boyer
22,2016-01-16,2,Mireya,Copeland
23,2016-01-16,2,Mireya,Copeland
24,2016-01-18,7,Venita,Daniel
25,2016-01-18,6,Marcelene,Boyer
26,2016-01-18,7,Venita,Daniel
27,2016-01-19,7,Venita,Daniel
28,2016-01-19,6,Marcelene,Boyer
29,2016-01-20,6,Marcelene,Boyer
30,2016-01-20,6,Marcelene,Boyer
31,2016-01-20,8,Kali,Vargas
32,2016-01-21,3,Genna,Serrano
33,2016-01-21,6,Marcelene,Boyer
34,2016-01-22,6,Marcelene,Boyer
35,2016-01-22,7,Venita,Daniel
36,2016-01-23,6,Marcelene,Boyer
37,2016-01-25,6,Marcelene,Boyer
38,2016-01-25,7,Venita,Daniel
39,2016-01-25,7,Venita,Daniel
40,2016-01-27,3,Genna,Serrano
41,2016-01-27,6,Marcelene,Boyer
42,2016-01-27,7,Venita,Daniel
43,2016-01-27,7,Venita,Daniel
44,2016-01-28,7,Venita,Daniel
45,2016-01-28,7,Venita,Daniel
46,2016-01-29,7,Venita,Daniel
47,2016-01-29,7,Venita,Daniel
48,2016-01-30,7,Venita,Daniel
49,2016-01-31,6,Marcelene,Boyer
50,2016-01-31,8,Kali,Vargas
51,2016-02-01,7,Venita,Daniel
52,2016-02-03,2,Mireya,Copeland
53,2016-02-03,6,Marcelene,Boyer
54,2016-02-04,7,Venita,Daniel
55,2016-02-04,6,Marcelene,Boyer
56,2016-02-04,6,Marcelene,Boyer
57,2016-02-04,7,Venita,Daniel
58,2016-02-05,6,Marcelene,Boyer
59,2016-02-05,7,Venita,Daniel
60,2016-02-06,3,Genna,Serrano
61,2016-02-06,7,Venita,Daniel
62,2016-02-07,2,Mireya,Copeland
63,2016-02-07,7,Venita,Daniel
64,2016-02-07,6,Marcelene,Boyer
65,2016-02-08,6,Marcelene,Boyer
66,2016-02-09,7,Venita,Daniel
67,2016-02-09,8,Kali,Vargas
68,2016-02-10,6,Marcelene,Boyer
69,2016-02-10,7,Venita,Daniel
70,2016-02-11,9,Layla,Terrell
71,2016-02-11,7,Venita,Daniel
72,2016-02-12,2,Mireya,Copeland
73,2016-02-12,7,Venita,Daniel
74,2016-02-13,7,Venita,Daniel
75,2016-02-14,6,Marcelene,Boyer
76,2016-02-16,6,Marcelene,Boyer
77,2016-02-16,2,Mireya,Copeland
78,2016-02-16,7,Venita,Daniel
79,2016-02-17,3,Genna,Serrano
80,2016-02-17,6,Marcelene,Boyer
81,2016-02-17,6,Marcelene,Boyer
82,2016-02-18,6,Marcelene,Boyer
83,2016-02-19,3,Genna,Serrano
84,2016-02-20,7,Venita,Daniel
85,2016-02-20,7,Venita,Daniel
86,2016-02-21,7,Venita,Daniel
87,2016-02-21,6,Marcelene,Boyer
88,2016-02-21,6,Marcelene,Boyer
89,2016-02-21,8,Kali,Vargas
90,2016-02-23,7,Venita,Daniel
91,2016-02-25,2,Mireya,Copeland
92,2016-02-25,7,Venita,Daniel
93,2016-02-26,3,Genna,Serrano
94,2016-02-27,2,Mireya,Copeland
95,2016-02-27,7,Venita,Daniel
96,2016-02-27,7,Venita,Daniel
97,2016-02-28,7,Venita,Daniel
98,2016-02-28,6,Marcelene,Boyer
99,2016-02-29,9,Layla,Terrell
100,2016-03-01,7,Venita,Daniel
101,2016-03-01,8,Kali,Vargas
102,2016-03-02,7,Venita,Daniel
103,2016-03-03,2,Mireya,Copeland
104,2016-03-03,7,Venita,Daniel
105,2016-03-03,7,Venita,Daniel
106,2016-03-04,9,Layla,Terrell
107,2016-03-06,2,Mireya,Copeland
108,2016-03-06,6,Marcelene,Boyer
109,2016-03-06,6,Marcelene,Boyer
110,2016-03-06,9,Layla,Terrell
111,2016-03-07,6,Marcelene,Boyer
112,2016-03-08,6,Marcelene,Boyer
113,2016-03-08,6,Marcelene,Boyer
114,2016-03-08,7,Venita,Daniel
115,2016-03-09,7,Venita,Daniel
116,2016-03-10,7,Venita,Daniel
117,2016-03-10,6,Marcelene,Boyer
118,2016-03-12,2,Mireya,Copeland
119,2016-03-12,7,Venita,Daniel
120,2016-03-14,7,Venita,Daniel
121,2016-03-14,6,Marcelene,Boyer
122,2016-03-14,6,Marcelene,Boyer
123,2016-03-15,6,Marcelene,Boyer
124,2016-03-16,3,Genna,Serrano
125,2016-03-16,6,Marcelene,Boyer
126,2016-03-16,7,Venita,Daniel
127,2016-03-17,8,Kali,Vargas
128,2016-03-18,6,Marcelene,Boyer
129,2016-03-19,7,Venita,Daniel
130,2016-03-19,6,Marcelene,Boyer
131,2016-03-19,8,Kali,Vargas
132,2016-03-20,3,Genna,Serrano
133,2016-03-20,7,Venita,Daniel
134,2016-03-20,7,Venita,Daniel
135,2016-03-21,7,Venita,Daniel
136,2016-03-21,8,Kali,Vargas
137,2016-03-23,7,Venita,Daniel
138,2016-03-23,7,Venita,Daniel
139,2016-03-23,7,Venita,Daniel
140,2016-03-23,7,Venita,Daniel
141,2016-03-25,7,Venita,Daniel
142,2016-03-26,3,Genna,Serrano
143,2016-03-26,7,Venita,Daniel
144,2016-03-26,7,Venita,Daniel
145,2016-03-27,6,Marcelene,Boyer
146,2016-03-28,3,Genna,Serrano
147,2016-03-28,7,Venita,Daniel
148,2016-03-28,6,Marcelene,Boyer
149,2016-03-28,6,Marcelene,Boyer
150,2016-03-29,2,Mireya,Copeland
151,2016-03-29,2,Mireya,Copeland
152,2016-03-29,6,Marcelene,Boyer
153,2016-03-30,6,Marcelene,Boyer
154,2016-03-31,2,Mireya,Copeland
155,2016-04-02,6,Marcelene,Boyer
156,2016-04-03,3,Genna,Serrano
157,2016-04-03,8,Kali,Vargas
158,2016-04-04,9,Layla,Terrell
159,2016-04-04,2,Mireya,Copeland
160,2016-04-04,7,Venita,Daniel
161,2016-04-04,7,Venita,Daniel
162,2016-04-06,3,Genna,Serrano
163,2016-04-06,7,Venita,Daniel
164,2016-04-07,7,Venita,Daniel
165,2016-04-08,3,Genna,Serrano
166,2016-04-08,6,Marcelene,Boyer
167,2016-04-08,7,Venita,Daniel
168,2016-04-09,3,Genna,Serrano
169,2016-04-10,7,Venita,Daniel
170,2016-04-10,7,Venita,Daniel
171,2016-04-11,3,Genna,Serrano
172,2016-04-11,7,Venita,Daniel
173,2016-04-11,8,Kali,Vargas
174,2016-04-12,7,Venita,Daniel
175,2016-04-13,6,Marcelene,Boyer
176,2016-04-15,7,Venita,Daniel
177,2016-04-16,2,Mireya,Copeland
178,2016-04-16,6,Marcelene,Boyer
179,2016-04-17,6,Marcelene,Boyer
180,2016-04-17,7,Venita,Daniel
181,2016-04-18,3,Genna,Serrano
182,2016-04-18,6,Marcelene,Boyer
183,2016-04-19,7,Venita,Daniel
184,2016-04-19,7,Venita,Daniel
185,2016-04-20,2,Mireya,Copeland
186,2016-04-21,6,Marcelene,Boyer
187,2016-04-22,6,Marcelene,Boyer
188,2016-04-22,6,Marcelene,Boyer
189,2016-04-23,2,Mireya,Copeland
190,2016-04-23,6,Marcelene,Boyer
191,2016-04-27,2,Mireya,Copeland
192,2016-04-27,7,Venita,Daniel
193,2016-04-28,3,Genna,Serrano
194,2016-04-28,7,Venita,Daniel
195,2016-04-28,7,Venita,Daniel
196,2016-04-28,6,Marcelene,Boyer
197,2016-04-30,7,Venita,Daniel
198,2016-05-01,6,Marcelene,Boyer
199,2016-05-01,7,Venita,Daniel
200,2016-05-01,6,Marcelene,Boyer
201,2016-05-01,9,Layla,Terrell
202,2016-05-03,2,Mireya,Copeland
203,2016-05-03,9,Layla,Terrell
204,2016-05-04,7,Venita,Daniel
205,2016-05-04,6,Marcelene,Boyer
206,2016-05-04,9,Layla,Terrell
207,2016-05-05,7,Venita,Daniel
208,2016-05-06,7,Venita,Daniel
209,2016-05-07,6,Marcelene,Boyer
210,2016-05-07,6,Marcelene,Boyer
211,2016-05-07,6,Marcelene,Boyer
212,2016-05-08,6,Marcelene,Boyer
213,2016-05-08,8,Kali,Vargas
214,2016-05-10,6,Marcelene,Boyer
215,2016-05-10,7,Venita,Daniel
216,2016-05-11,3,Genna,Serrano
217,2016-05-11,7,Venita,Daniel
218,2016-05-12,7,Venita,Daniel
219,2016-05-12,6,Marcelene,Boyer
220,2016-05-12,6,Marcelene,Boyer
221,2016-05-13,2,Mireya,Copeland
222,2016-05-13,6,Marcelene,Boyer
223,2016-05-15,7,Venita,Daniel
224,2016-05-17,3,Genna,Serrano
225,2016-05-17,3,Genna,Serrano
226,2016-05-17,2,Mireya,Copeland
227,2016-05-17,7,Venita,Daniel
228,2016-05-17,7,Venita,Daniel
229,2016-05-19,6,Marcelene,Boyer
230,2016-05-19,6,Marcelene,Boyer
231,2016-05-19,6,Marcelene,Boyer
232,2016-05-20,3,Genna,Serrano
233,2016-05-21,6,Marcelene,Boyer
234,2016-05-22,6,Marcelene,Boyer
235,2016-05-24,6,Marcelene,Boyer
236,2016-05-25,6,Marcelene,Boyer
237,2016-05-25,7,Venita,Daniel
238,2016-05-26,6,Marcelene,Boyer
239,2016-05-27,9,Layla,Terrell
240,2016-05-27,6,Marcelene,Boyer
241,2016-05-27,7,Venita,Daniel
242,2016-05-27,7,Venita,Daniel
243,2016-05-27,8,Kali,Vargas
244,2016-05-28,6,Marcelene,Boyer
245,2016-05-29,7,Venita,Daniel
246,2016-05-30,6,Marcelene,Boyer
247,2016-05-30,3,Genna,Serrano
248,2016-05-30,7,Venita,Daniel
249,2016-06-01,6,Marcelene,Boyer
250,2016-06-01,7,Venita,Daniel
251,2016-06-01,7,Venita,Daniel
252,2016-06-01,8,Kali,Vargas
253,2016-06-02,6,Marcelene,Boyer
254,2016-06-03,7,Venita,Daniel
255,2016-06-03,7,Venita,Daniel
256,2016-06-04,7,Venita,Daniel
257,2016-06-05,3,Genna,Serrano
258,2016-06-06,7,Venita,Daniel
259,2016-06-06,7,Venita,Daniel
260,2016-06-06,6,Marcelene,Boyer
261,2016-06-08,2,Mireya,Copeland
262,2016-06-08,9,Layla,Terrell
263,2016-06-09,6,Marcelene,Boyer
264,2016-06-10,3,Genna,Serrano
265,2016-06-10,7,Venita,Daniel
266,2016-06-10,7,Venita,Daniel
267,2016-06-11,3,Genna,Serrano
268,2016-06-11,3,Genna,Serrano
269,2016-06-12,6,Marcelene,Boyer
270,2016-06-12,7,Venita,Daniel
271,2016-06-13,7,Venita,Daniel
272,2016-06-15,7,Venita,Daniel
273,2016-06-16,7,Venita,Daniel
274,2016-06-17,7,Venita,Daniel
275,2016-06-17,7,Venita,Daniel
276,2016-06-18,6,Marcelene,Boyer
277,2016-06-19,7,Venita,Daniel
278,2016-06-20,3,Genna,Serrano
279,2016-06-21,6,Marcelene,Boyer
280,2016-06-21,7,Venita,Daniel
281,2016-06-21,7,Venita,Daniel
282,2016-06-22,9,Layla,Terrell
283,2016-06-23,2,Mireya,Copeland
284,2016-06-23,7,Venita,Daniel
285,2016-06-25,2,Mireya,Copeland
286,2016-06-25,6,Marcelene,Boyer
287,2016-06-25,6,Marcelene,Boyer
288,2016-06-25,6,Marcelene,Boyer
289,2016-06-27,6,Marcelene,Boyer
290,2016-06-28,6,Marcelene,Boyer
291,2016-06-29,6,Marcelene,Boyer
292,2016-06-29,9,Layla,Terrell
293,2016-06-30,7,Venita,Daniel
294,2016-07-01,7,Venita,Daniel
295,2016-07-01,7,Venita,Daniel
296,2016-07-04,6,Marcelene,Boyer
297,2016-07-04,7,Venita,Daniel
298,2016-07-04,9,Layla,Terrell
299,2016-07-05,6,Marcelene,Boyer
300,2016-07-05,6,Marcelene,Boyer
301,2016-07-06,6,Marcelene,Boyer
302,2016-07-06,6,Marcelene,Boyer
303,2016-07-07,7,Venita,Daniel
304,2016-07-07,6,Marcelene,Boyer
305,2016-07-07,7,Venita,Daniel
306,2016-07-09,7,Venita,Daniel
307,2016-07-09,6,Marcelene,Boyer
308,2016-07-11,6,Marcelene,Boyer
309,2016-07-11,6,Marcelene,Boyer
310,2016-07-12,2,Mireya,Copeland
311,2016-07-12,6,Marcelene,Boyer
312,2016-07-13,6,Marcelene,Boyer
313,2016-07-14,9,Layla,Terrell
314,2016-07-15,7,Venita,Daniel
315,2016-07-16,6,Marcelene,Boyer
316,2016-07-17,7,Venita,Daniel
317,2016-07-17,7,Venita,Daniel
318,2016-07-17,7,Venita,Daniel
319,2016-07-18,6,Marcelene,Boyer
320,2016-07-19,2,Mireya,Copeland
321,2016-07-19,6,Marcelene,Boyer
322,2016-07-19,6,Marcelene,Boyer
323,2016-07-19,6,Marcelene,Boyer
324,2016-07-20,6,Marcelene,Boyer
325,2016-07-20,6,Marcelene,Boyer
326,2016-07-20,9,Layla,Terrell
327,2016-07-21,6,Marcelene,Boyer
328,2016-07-23,6,Marcelene,Boyer
329,2016-07-24,6,Marcelene,Boyer
330,2016-07-24,6,Marcelene,Boyer
331,2016-07-24,6,Marcelene,Boyer
332,2016-07-24,7,Venita,Daniel
333,2016-07-25,6,Marcelene,Boyer
334,2016-07-25,7,Venita,Daniel
335,2016-07-25,6,Marcelene,Boyer
336,2016-07-26,7,Venita,Daniel
337,2016-07-26,7,Venita,Daniel
338,2016-07-28,3,Genna,Serrano
339,2016-07-28,7,Venita,Daniel
340,2016-07-29,7,Venita,Daniel
341,2016-07-31,3,Genna,Serrano
342,2016-07-31,7,Venita,Daniel
343,2016-07-31,7,Venita,Daniel
344,2016-08-01,6,Marcelene,Boyer
345,2016-08-01,6,Marcelene,Boyer
346,2016-08-01,9,Layla,Terrell
347,2016-08-02,6,Marcelene,Boyer
348,2016-08-02,9,Layla,Terrell
349,2016-08-03,3,Genna,Serrano
350,2016-08-03,3,Genna,Serrano
351,2016-08-03,2,Mireya,Copeland
352,2016-08-03,7,Venita,Daniel
353,2016-08-03,7,Venita,Daniel
354,2016-08-03,8,Kali,Vargas
355,2016-08-03,8,Kali,Vargas
356,2016-08-04,6,Marcelene,Boyer
357,2016-08-05,8,Kali,Vargas
358,2016-08-05,7,Venita,Daniel
359,2016-08-07,7,Venita,Daniel
360,2016-08-07,6,Marcelene,Boyer
361,2016-08-08,6,Marcelene,Boyer
362,2016-08-09,2,Mireya,Copeland
363,2016-08-11,8,Kali,Vargas
364,2016-08-12,6,Marcelene,Boyer
365,2016-08-13,6,Marcelene,Boyer
366,2016-08-13,9,Layla,Terrell
367,2016-08-14,7,Venita,Daniel
368,2016-08-14,7,Venita,Daniel
369,2016-08-15,3,Genna,Serrano
370,2016-08-15,7,Venita,Daniel
371,2016-08-15,7,Venita,Daniel
372,2016-08-16,6,Marcelene,Boyer
373,2016-08-16,7,Venita,Daniel
374,2016-08-17,2,Mireya,Copeland
375,2016-08-17,7,Venita,Daniel
376,2016-08-17,6,Marcelene,Boyer
377,2016-08-17,6,Marcelene,Boyer
378,2016-08-17,9,Layla,Terrell
379,2016-08-18,7,Venita,Daniel
380,2016-08-19,7,Venita,Daniel
381,2016-08-19,7,Venita,Daniel
382,2016-08-20,6,Marcelene,Boyer
383,2016-08-20,7,Venita,Daniel
384,2016-08-20,7,Venita,Daniel
385,2016-08-20,7,Venita,Daniel
386,2016-08-20,6,Marcelene,Boyer
387,2016-08-20,8,Kali,Vargas
388,2016-08-21,8,Kali,Vargas
389,2016-08-22,3,Genna,Serrano
390,2016-08-22,9,Layla,Terrell
391,2016-08-23,9,Layla,Terrell
392,2016-08-23,3,Genna,Serrano
393,2016-08-25,6,Marcelene,Boyer
394,2016-08-26,3,Genna,Serrano
395,2016-08-26,6,Marcelene,Boyer
396,2016-08-27,6,Marcelene,Boyer
397,2016-08-28,7,Venita,Daniel
398,2016-08-29,2,Mireya,Copeland
399,2016-08-29,7,Venita,Daniel
400,2016-08-29,6,Marcelene,Boyer
401,2016-08-30,6,Marcelene,Boyer
402,2016-08-30,6,Marcelene,Boyer
403,2016-08-31,3,Genna,Serrano
404,2016-08-31,7,Venita,Daniel
405,2016-08-31,6,Marcelene,Boyer
406,2016-08-31,7,Venita,Daniel
407,2016-09-01,8,Kali,Vargas
408,2016-09-01,2,Mireya,Copeland
409,2016-09-01,7,Venita,Daniel
410,2016-09-01,6,Marcelene,Boyer
411,2016-09-02,3,Genna,Serrano
412,2016-09-02,3,Genna,Serrano
413,2016-09-02,6,Marcelene,Boyer
414,2016-09-03,7,Venita,Daniel
415,2016-09-03,7,Venita,Daniel
416,2016-09-03,7,Venita,Daniel
417,2016-09-04,3,Genna,Serrano
418,2016-09-04,6,Marcelene,Boyer
419,2016-09-04,8,Kali,Vargas
420,2016-09-05,3,Genna,Serrano
421,2016-09-05,3,Genna,Serrano
422,2016-09-06,6,Marcelene,Boyer
423,2016-09-06,7,Venita,Daniel
424,2016-09-08,3,Genna,Serrano
425,2016-09-08,6,Marcelene,Boyer
426,2016-09-08,6,Marcelene,Boyer
427,2016-09-09,2,Mireya,Copeland
428,2016-09-09,6,Marcelene,Boyer
429,2016-09-10,8,Kali,Vargas
430,2016-09-11,6,Marcelene,Boyer
431,2016-09-11,6,Marcelene,Boyer
432,2016-09-12,2,Mireya,Copeland
433,2016-09-12,6,Marcelene,Boyer
434,2016-09-13,6,Marcelene,Boyer
435,2016-09-14,9,Layla,Terrell
436,2016-09-16,7,Venita,Daniel
437,2016-09-16,7,Venita,Daniel
438,2016-09-16,8,Kali,Vargas
439,2016-09-17,6,Marcelene,Boyer
440,2016-09-17,7,Venita,Daniel
441,2016-09-18,2,Mireya,Copeland
442,2016-09-18,7,Venita,Daniel
443,2016-09-18,6,Marcelene,Boyer
444,2016-09-19,2,Mireya,Copeland
445,2016-09-19,6,Marcelene,Boyer
446,2016-09-19,7,Venita,Daniel
447,2016-09-20,8,Kali,Vargas
448,2016-09-21,6,Marcelene,Boyer
449,2016-09-21,7,Venita,Daniel
450,2016-09-21,7,Venita,Daniel
451,2016-09-21,7,Venita,Daniel
452,2016-09-22,7,Venita,Daniel
453,2016-09-22,7,Venita,Daniel
454,2016-09-23,6,Marcelene,Boyer
455,2016-09-23,7,Venita,Daniel
456,2016-09-23,9,Layla,Terrell
457,2016-09-24,3,Genna,Serrano
458,2016-09-25,6,Marcelene,Boyer
459,2016-09-25,6,Marcelene,Boyer
460,2016-09-25,8,Kali,Vargas
461,2016-09-26,7,Venita,Daniel
462,2016-09-27,6,Marcelene,Boyer
463,2016-09-27,8,Kali,Vargas
464,2016-09-28,7,Venita,Daniel
465,2016-09-28,6,Marcelene,Boyer
466,2016-09-28,7,Venita,Daniel
467,2016-09-28,8,Kali,Vargas
468,2016-09-29,3,Genna,Serrano
469,2016-09-29,7,Venita,Daniel
470,2016-09-30,3,Genna,Serrano
471,2016-09-30,3,Genna,Serrano
472,2016-09-30,7,Venita,Daniel
473,2016-09-30,7,Venita,Daniel
474,2016-10-01,3,Genna,Serrano
475,2016-10-01,7,Venita,Daniel
476,2016-10-01,6,Marcelene,Boyer
477,2016-10-02,2,Mireya,Copeland
478,2016-10-02,7,Venita,Daniel
479,2016-10-03,6,Marcelene,Boyer
480,2016-10-04,3,Genna,Serrano
481,2016-10-04,9,Layla,Terrell
482,2016-10-05,6,Marcelene,Boyer
483,2016-10-06,2,Mireya,Copeland
484,2016-10-06,7,Venita,Daniel
485,2016-10-06,7,Venita,Daniel
486,2016-10-06,7,Venita,Daniel
487,2016-10-06,6,Marcelene,Boyer
488,2016-10-06,6,Marcelene,Boyer
489,2016-10-06,8,Kali,Vargas
490,2016-10-07,6,Marcelene,Boyer
491,2016-10-08,2,Mireya,Copeland
492,2016-10-09,2,Mireya,Copeland
493,2016-10-09,3,Genna,Serrano
494,2016-10-09,6,Marcelene,Boyer
495,2016-10-10,3,Genna,Serrano
496,2016-10-10,6,Marcelene,Boyer
497,2016-10-10,6,Marcelene,Boyer
498,2016-10-10,6,Marcelene,Boyer
499,2016-10-11,2,Mireya,Copeland
500,2016-10-11,6,Marcelene,Boyer
501,2016-10-11,7,Venita,Daniel
502,2016-10-12,9,Layla,Terrell
503,2016-10-13,6,Marcelene,Boyer
504,2016-10-14,2,Mireya,Copeland
505,2016-10-14,6,Marcelene,Boyer
506,2016-10-14,6,Marcelene,Boyer
507,2016-10-15,3,Genna,Serrano
508,2016-10-15,6,Marcelene,Boyer
509,2016-10-16,7,Venita,Daniel
510,2016-10-17,7,Venita,Daniel
511,2016-10-18,7,Venita,Daniel
512,2016-10-19,7,Venita,Daniel
513,2016-10-19,6,Marcelene,Boyer
514,2016-10-19,7,Venita,Daniel
515,2016-10-19,6,Marcelene,Boyer
516,2016-10-21,6,Marcelene,Boyer
517,2016-10-21,6,Marcelene,Boyer
518,2016-10-22,2,Mireya,Copeland
519,2016-10-22,7,Venita,Daniel
520,2016-10-23,7,Venita,Daniel
521,2016-10-23,6,Marcelene,Boyer
522,2016-10-23,7,Venita,Daniel
523,2016-10-24,6,Marcelene,Boyer
524,2016-10-25,2,Mireya,Copeland
525,2016-10-26,3,Genna,Serrano
526,2016-10-26,6,Marcelene,Boyer
527,2016-10-27,2,Mireya,Copeland
528,2016-10-28,7,Venita,Daniel
529,2016-10-28,7,Venita,Daniel
530,2016-10-28,6,Marcelene,Boyer
531,2016-10-28,8,Kali,Vargas
532,2016-10-29,7,Venita,Daniel
533,2016-10-29,6,Marcelene,Boyer
534,2016-10-29,7,Venita,Daniel
535,2016-10-29,9,Layla,Terrell
536,2016-10-31,3,Genna,Serrano
537,2016-10-31,2,Mireya,Copeland
538,2016-11-02,6,Marcelene,Boyer
539,2016-11-02,7,Venita,Daniel
540,2016-11-03,3,Genna,Serrano
541,2016-11-04,3,Genna,Serrano
542,2016-11-04,7,Venita,Daniel
543,2016-11-06,6,Marcelene,Boyer
544,2016-11-06,7,Venita,Daniel
545,2016-11-08,9,Layla,Terrell
546,2016-11-09,7,Venita,Daniel
547,2016-11-09,8,Kali,Vargas
548,2016-11-11,7,Venita,Daniel
549,2016-11-12,9,Layla,Terrell
550,2016-11-12,7,Venita,Daniel
551,2016-11-12,6,Marcelene,Boyer
552,2016-11-12,7,Venita,Daniel
553,2016-11-12,9,Layla,Terrell
554,2016-11-13,3,Genna,Serrano
555,2016-11-13,7,Venita,Daniel
556,2016-11-13,9,Layla,Terrell
557,2016-11-14,6,Marcelene,Boyer
558,2016-11-15,7,Venita,Daniel
559,2016-11-16,2,Mireya,Copeland
560,2016-11-18,6,Marcelene,Boyer
561,2016-11-19,6,Marcelene,Boyer
562,2016-11-19,7,Venita,Daniel
563,2016-11-20,6,Marcelene,Boyer
564,2016-11-20,7,Venita,Daniel
565,2016-11-21,7,Venita,Daniel
566,2016-11-22,3,Genna,Serrano
567,2016-11-22,2,Mireya,Copeland
568,2016-11-23,3,Genna,Serrano
569,2016-11-23,6,Marcelene,Boyer
570,2016-11-23,6,Marcelene,Boyer
571,2016-11-24,2,Mireya,Copeland
572,2016-11-24,6,Marcelene,Boyer
573,2016-11-24,6,Marcelene,Boyer
574,2016-11-26,7,Venita,Daniel
575,2016-11-27,3,Genna,Serrano
576,2016-11-27,3,Genna,Serrano
577,2016-11-27,6,Marcelene,Boyer
578,2016-11-27,7,Venita,Daniel
579,2016-11-27,8,Kali,Vargas
580,2016-11-30,3,Genna,Serrano
581,2016-12-03,3,Genna,Serrano
582,2016-12-04,2,Mireya,Copeland
583,2016-12-04,7,Venita,Daniel
584,2016-12-04,7,Venita,Daniel
585,2016-12-04,7,Venita,Daniel
586,2016-12-04,6,Marcelene,Boyer
587,2016-12-06,2,Mireya,Copeland
588,2016-12-06,7,Venita,Daniel
589,2016-12-06,7,Venita,Daniel
590,2016-12-06,7,Venita,Daniel
591,2016-12-06,7,Venita,Daniel
592,2016-12-06,7,Venita,Daniel
593,2016-12-07,8,Kali,Vargas
594,2016-12-07,8,Kali,Vargas
595,2016-12-08,2,Mireya,Copeland
596,2016-12-08,3,Genna,Serrano
597,2016-12-08,6,Marcelene,Boyer
598,2016-12-09,3,Genna,Serrano
599,2016-12-09,6,Marcelene,Boyer
600,2016-12-09,7,Venita,Daniel
601,2016-12-09,6,Marcelene,Boyer
602,2016-12-09,6,Marcelene,Boyer
603,2016-12-09,7,Venita,Daniel
604,2016-12-10,7,Venita,Daniel
605,2016-12-10,6,Marcelene,Boyer
606,2016-12-11,7,Venita,Daniel
607,2016-12-11,6,Marcelene,Boyer
608,2016-12-12,3,Genna,Serrano
609,2016-12-12,7,Venita,Daniel
610,2016-12-13,6,Marcelene,Boyer
611,2016-12-15,7,Venita,Daniel
612,2016-12-16,7,Venita,Daniel
613,2016-12-17,7,Venita,Daniel
614,2016-12-18,2,Mireya,Copeland
615,2016-12-19,9,Layla,Terrell
616,2016-12-20,6,Marcelene,Boyer
617,2016-12-21,7,Venita,Daniel
618,2016-12-21,6,Marcelene,Boyer
619,2016-12-22,7,Venita,Daniel
620,2016-12-22,6,Marcelene,Boyer
621,2016-12-23,6,Marcelene,Boyer
622,2016-12-23,7,Venita,Daniel
623,2016-12-24,6,Marcelene,Boyer
624,2016-12-24,6,Marcelene,Boyer
625,2016-12-25,2,Mireya,Copeland
626,2016-12-25,7,Venita,Daniel
627,2016-12-25,6,Marcelene,Boyer
628,2016-12-26,3,Genna,Serrano
629,2016-12-26,2,Mireya,Copeland
630,2016-12-26,6,Marcelene,Boyer
631,2016-12-27,3,Genna,Serrano
632,2016-12-27,7,Venita,Daniel
633,2016-12-28,8,Kali,Vargas
634,2016-12-29,6,Marcelene,Boyer
635,2016-12-30,6,Marcelene,Boyer
636,2017-01-03,2,Mireya,Copeland
637,2017-01-03,6,Marcelene,Boyer
638,2017-01-04,7,Venita,Daniel
639,2017-01-06,6,Marcelene,Boyer
640,2017-01-06,6,Marcelene,Boyer
641,2017-01-07,3,Genna,Serrano
642,2017-01-07,7,Venita,Daniel
643,2017-01-08,3,Genna,Serrano
644,2017-01-08,6,Marcelene,Boyer
645,2017-01-08,6,Marcelene,Boyer
646,2017-01-09,2,Mireya,Copeland
647,2017-01-09,7,Venita,Daniel
648,2017-01-09,6,Marcelene,Boyer
649,2017-01-10,3,Genna,Serrano
650,2017-01-11,2,Mireya,Copeland
651,2017-01-11,7,Venita,Daniel
652,2017-01-12,9,Layla,Terrell
653,2017-01-14,2,Mireya,Copeland
654,2017-01-14,7,Venita,Daniel
655,2017-01-16,3,Genna,Serrano
656,2017-01-16,7,Venita,Daniel
657,2017-01-17,2,Mireya,Copeland
658,2017-01-17,7,Venita,Daniel
659,2017-01-17,7,Venita,Daniel
660,2017-01-18,7,Venita,Daniel
661,2017-01-18,6,Marcelene,Boyer
662,2017-01-19,3,Genna,Serrano
663,2017-01-20,3,Genna,Serrano
664,2017-01-20,7,Venita,Daniel
665,2017-01-21,6,Marcelene,Boyer
666,2017-01-21,7,Venita,Daniel
667,2017-01-22,7,Venita,Daniel
668,2017-01-22,8,Kali,Vargas
669,2017-01-23,7,Venita,Daniel
670,2017-01-24,6,Marcelene,Boyer
671,2017-01-25,7,Venita,Daniel
672,2017-01-26,6,Marcelene,Boyer
673,2017-01-26,9,Layla,Terrell
674,2017-01-27,6,Marcelene,Boyer
675,2017-01-28,7,Venita,Daniel
676,2017-01-28,7,Venita,Daniel
677,2017-01-28,7,Venita,Daniel
678,2017-01-28,9,Layla,Terrell
679,2017-01-29,3,Genna,Serrano
680,2017-01-29,3,Genna,Serrano
681,2017-01-29,7,Venita,Daniel
682,2017-01-29,6,Marcelene,Boyer
683,2017-01-29,6,Marcelene,Boyer
684,2017-01-31,6,Marcelene,Boyer
685,2017-01-31,7,Venita,Daniel
686,2017-02-01,7,Venita,Daniel
687,2017-02-02,3,Genna,Serrano
688,2017-02-02,7,Venita,Daniel
689,2017-02-02,7,Venita,Daniel
690,2017-02-03,2,Mireya,Copeland
691,2017-02-04,7,Venita,Daniel
692,2017-02-05,3,Genna,Serrano
693,2017-02-05,3,Genna,Serrano
694,2017-02-05,7,Venita,Daniel
695,2017-02-05,7,Venita,Daniel
696,2017-02-05,7,Venita,Daniel
697,2017-02-06,2,Mireya,Copeland
698,2017-02-06,8,Kali,Vargas
699,2017-02-06,9,Layla,Terrell
700,2017-02-07,6,Marcelene,Boyer
701,2017-02-07,9,Layla,Terrell
702,2017-02-08,3,Genna,Serrano
703,2017-02-08,7,Venita,Daniel
704,2017-02-08,6,Marcelene,Boyer
705,2017-02-08,7,Venita,Daniel
706,2017-02-09,2,Mireya,Copeland
707,2017-02-09,7,Venita,Daniel
708,2017-02-10,2,Mireya,Copeland
709,2017-02-11,6,Marcelene,Boyer
710,2017-02-13,6,Marcelene,Boyer
711,2017-02-13,6,Marcelene,Boyer
712,2017-02-13,9,Layla,Terrell
713,2017-02-13,8,Kali,Vargas
714,2017-02-14,7,Venita,Daniel
715,2017-02-15,6,Marcelene,Boyer
716,2017-02-15,6,Marcelene,Boyer
717,2017-02-15,6,Marcelene,Boyer
718,2017-02-16,7,Venita,Daniel
719,2017-02-16,6,Marcelene,Boyer
720,2017-02-16,6,Marcelene,Boyer
721,2017-02-16,7,Venita,Daniel
722,2017-02-18,7,Venita,Daniel
723,2017-02-19,6,Marcelene,Boyer
724,2017-02-19,6,Marcelene,Boyer
725,2017-02-19,7,Venita,Daniel
726,2017-02-19,6,Marcelene,Boyer
727,2017-02-19,9,Layla,Terrell
728,2017-02-20,3,Genna,Serrano
729,2017-02-20,7,Venita,Daniel
730,2017-02-21,6,Marcelene,Boyer
731,2017-02-25,9,Layla,Terrell
732,2017-02-26,7,Venita,Daniel
733,2017-02-26,7,Venita,Daniel
734,2017-02-26,9,Layla,Terrell
735,2017-02-27,9,Layla,Terrell
736,2017-02-27,7,Venita,Daniel
737,2017-02-27,6,Marcelene,Boyer
738,2017-02-28,2,Mireya,Copeland
739,2017-02-28,6,Marcelene,Boyer
740,2017-02-28,6,Marcelene,Boyer
741,2017-02-28,8,Kali,Vargas
742,2017-02-28,9,Layla,Terrell
743,2017-03-01,6,Marcelene,Boyer
744,2017-03-01,7,Venita,Daniel
745,2017-03-01,7,Venita,Daniel
746,2017-03-02,3,Genna,Serrano
747,2017-03-03,3,Genna,Serrano
748,2017-03-03,8,Kali,Vargas
749,2017-03-04,7,Venita,Daniel
750,2017-03-04,8,Kali,Vargas
751,2017-03-05,3,Genna,Serrano
752,2017-03-05,6,Marcelene,Boyer
753,2017-03-05,7,Venita,Daniel
754,2017-03-06,2,Mireya,Copeland
755,2017-03-06,6,Marcelene,Boyer
756,2017-03-06,6,Marcelene,Boyer
757,2017-03-06,7,Venita,Daniel
758,2017-03-06,9,Layla,Terrell
759,2017-03-07,7,Venita,Daniel
760,2017-03-07,6,Marcelene,Boyer
761,2017-03-07,7,Venita,Daniel
762,2017-03-08,6,Marcelene,Boyer
763,2017-03-08,9,Layla,Terrell
764,2017-03-09,2,Mireya,Copeland
765,2017-03-09,2,Mireya,Copeland
766,2017-03-09,6,Marcelene,Boyer
767,2017-03-09,7,Venita,Daniel
768,2017-03-09,7,Venita,Daniel
769,2017-03-09,6,Marcelene,Boyer
770,2017-03-09,9,Layla,Terrell
771,2017-03-11,3,Genna,Serrano
772,2017-03-11,7,Venita,Daniel
773,2017-03-11,6,Marcelene,Boyer
774,2017-03-12,6,Marcelene,Boyer
775,2017-03-12,6,Marcelene,Boyer
776,2017-03-13,6,Marcelene,Boyer
777,2017-03-13,6,Marcelene,Boyer
778,2017-03-15,9,Layla,Terrell
779,2017-03-15,6,Marcelene,Boyer
780,2017-03-15,6,Marcelene,Boyer
781,2017-03-15,6,Marcelene,Boyer
782,2017-03-15,7,Venita,Daniel
783,2017-03-16,2,Mireya,Copeland
784,2017-03-16,7,Venita,Daniel
785,2017-03-18,2,Mireya,Copeland
786,2017-03-18,6,Marcelene,Boyer
787,2017-03-18,9,Layla,Terrell
788,2017-03-18,9,Layla,Terrell
789,2017-03-19,6,Marcelene,Boyer
790,2017-03-19,7,Venita,Daniel
791,2017-03-20,6,Marcelene,Boyer
792,2017-03-22,6,Marcelene,Boyer
793,2017-03-23,6,Marcelene,Boyer
794,2017-03-23,7,Venita,Daniel
795,2017-03-23,7,Venita,Daniel
796,2017-03-23,9,Layla,Terrell
797,2017-03-24,7,Venita,Daniel
798,2017-03-26,3,Genna,Serrano
799,2017-03-27,3,Genna,Serrano
800,2017-03-27,6,Marcelene,Boyer
801,2017-03-28,2,Mireya,Copeland
802,2017-03-28,6,Marcelene,Boyer
803,2017-03-28,8,Kali,Vargas
804,2017-03-29,6,Marcelene,Boyer
805,2017-03-29,6,Marcelene,Boyer
806,2017-03-30,7,Venita,Daniel
807,2017-03-30,6,Marcelene,Boyer
808,2017-03-31,6,Marcelene,Boyer
809,2017-03-31,7,Venita,Daniel
810,2017-04-01,8,Kali,Vargas
811,2017-04-01,7,Venita,Daniel
812,2017-04-01,7,Venita,Daniel
813,2017-04-01,9,Layla,Terrell
814,2017-04-02,7,Venita,Daniel
815,2017-04-03,3,Genna,Serrano
816,2017-04-03,6,Marcelene,Boyer
817,2017-04-04,7,Venita,Daniel
818,2017-04-04,6,Marcelene,Boyer
819,2017-04-04,9,Layla,Terrell
820,2017-04-05,7,Venita,Daniel
821,2017-04-05,7,Venita,Daniel
822,2017-04-06,7,Venita,Daniel
823,2017-04-06,8,Kali,Vargas
824,2017-04-07,2,Mireya,Copeland
825,2017-04-07,7,Venita,Daniel
826,2017-04-07,6,Marcelene,Boyer
827,2017-04-07,7,Venita,Daniel
828,2017-04-09,6,Marcelene,Boyer
829,2017-04-09,7,Venita,Daniel
830,2017-04-11,6,Marcelene,Boyer
831,2017-04-11,7,Venita,Daniel
832,2017-04-11,7,Venita,Daniel
833,2017-04-12,7,Venita,Daniel
834,2017-04-12,6,Marcelene,Boyer
835,2017-04-13,2,Mireya,Copeland
836,2017-04-13,6,Marcelene,Boyer
837,2017-04-13,7,Venita,Daniel
838,2017-04-14,7,Venita,Daniel
839,2017-04-15,3,Genna,Serrano
840,2017-04-15,6,Marcelene,Boyer
841,2017-04-15,7,Venita,Daniel
842,2017-04-15,6,Marcelene,Boyer
843,2017-04-16,7,Venita,Daniel
844,2017-04-16,6,Marcelene,Boyer
845,2017-04-17,7,Venita,Daniel
846,2017-04-17,6,Marcelene,Boyer
847,2017-04-18,7,Venita,Daniel
848,2017-04-18,7,Venita,Daniel
849,2017-04-19,2,Mireya,Copeland
850,2017-04-19,3,Genna,Serrano
851,2017-04-20,6,Marcelene,Boyer
852,2017-04-21,9,Layla,Terrell
853,2017-04-21,8,Kali,Vargas
854,2017-04-22,6,Marcelene,Boyer
855,2017-04-22,6,Marcelene,Boyer
856,2017-04-23,6,Marcelene,Boyer
857,2017-04-24,7,Venita,Daniel
858,2017-04-25,6,Marcelene,Boyer
859,2017-04-25,6,Marcelene,Boyer
860,2017-04-27,7,Venita,Daniel
861,2017-04-27,7,Venita,Daniel
862,2017-04-27,8,Kali,Vargas
863,2017-04-28,7,Venita,Daniel
864,2017-04-28,6,Marcelene,Boyer
865,2017-04-29,6,Marcelene,Boyer
866,2017-04-29,6,Marcelene,Boyer
867,2017-05-01,3,Genna,Serrano
868,2017-05-01,3,Genna,Serrano
869,2017-05-01,7,Venita,Daniel
870,2017-05-01,6,Marcelene,Boyer
871,2017-05-02,7,Venita,Daniel
872,2017-05-03,3,Genna,Serrano
873,2017-05-03,7,Venita,Daniel
874,2017-05-04,7,Venita,Daniel
875,2017-05-05,3,Genna,Serrano
876,2017-05-05,7,Venita,Daniel
877,2017-05-06,6,Marcelene,Boyer
878,2017-05-07,3,Genna,Serrano
879,2017-05-08,7,Venita,Daniel
880,2017-05-08,6,Marcelene,Boyer
881,2017-05-08,9,Layla,Terrell
882,2017-05-09,6,Marcelene,Boyer
883,2017-05-11,6,Marcelene,Boyer
884,2017-05-11,7,Venita,Daniel
885,2017-05-13,8,Kali,Vargas
886,2017-05-13,2,Mireya,Copeland
887,2017-05-13,6,Marcelene,Boyer
888,2017-05-14,7,Venita,Daniel
889,2017-05-14,8,Kali,Vargas
890,2017-05-15,6,Marcelene,Boyer
891,2017-05-15,6,Marcelene,Boyer
892,2017-05-15,7,Venita,Daniel
893,2017-05-16,7,Venita,Daniel
894,2017-05-16,6,Marcelene,Boyer
895,2017-05-18,6,Marcelene,Boyer
896,2017-05-19,9,Layla,Terrell
897,2017-05-20,2,Mireya,Copeland
898,2017-05-20,6,Marcelene,Boyer
899,2017-05-20,7,Venita,Daniel
900,2017-05-20,6,Marcelene,Boyer
901,2017-05-21,7,Venita,Daniel
902,2017-05-21,6,Marcelene,Boyer
903,2017-05-22,7,Venita,Daniel
904,2017-05-23,2,Mireya,Copeland
905,2017-05-23,6,Marcelene,Boyer
906,2017-05-23,7,Venita,Daniel
907,2017-05-24,2,Mireya,Copeland
908,2017-05-25,7,Venita,Daniel
909,2017-05-26,2,Mireya,Copeland
910,2017-05-26,7,Venita,Daniel
911,2017-05-26,6,Marcelene,Boyer
912,2017-05-27,2,Mireya,Copeland
913,2017-05-27,6,Marcelene,Boyer
914,2017-05-28,2,Mireya,Copeland
915,2017-05-28,6,Marcelene,Boyer
916,2017-05-28,6,Marcelene,Boyer
917,2017-05-29,2,Mireya,Copeland
918,2017-05-30,3,Genna,Serrano
919,2017-05-30,7,Venita,Daniel
920,2017-05-30,7,Venita,Daniel
921,2017-05-31,6,Marcelene,Boyer
922,2017-05-31,6,Marcelene,Boyer
923,2017-05-31,7,Venita,Daniel
924,2017-06-02,8,Kali,Vargas
925,2017-06-02,7,Venita,Daniel
926,2017-06-03,2,Mireya,Copeland
927,2017-06-03,2,Mireya,Copeland
928,2017-06-05,3,Genna,Serrano
929,2017-06-05,6,Marcelene,Boyer
930,2017-06-05,9,Layla,Terrell
931,2017-06-07,6,Marcelene,Boyer
932,2017-06-07,6,Marcelene,Boyer
933,2017-06-07,6,Marcelene,Boyer
934,2017-06-09,7,Venita,Daniel
935,2017-06-10,8,Kali,Vargas
936,2017-06-10,6,Marcelene,Boyer
937,2017-06-11,7,Venita,Daniel
938,2017-06-11,6,Marcelene,Boyer
939,2017-06-11,6,Marcelene,Boyer
940,2017-06-12,2,Mireya,Copeland
941,2017-06-12,2,Mireya,Copeland
942,2017-06-13,6,Marcelene,Boyer
943,2017-06-13,6,Marcelene,Boyer
944,2017-06-14,3,Genna,Serrano
945,2017-06-14,7,Venita,Daniel
946,2017-06-14,6,Marcelene,Boyer
947,2017-06-15,3,Genna,Serrano
948,2017-06-15,6,Marcelene,Boyer
949,2017-06-16,3,Genna,Serrano
950,2017-06-16,6,Marcelene,Boyer
951,2017-06-16,7,Venita,Daniel
952,2017-06-16,7,Venita,Daniel
953,2017-06-16,7,Venita,Daniel
954,2017-06-17,6,Marcelene,Boyer
955,2017-06-17,6,Marcelene,Boyer
956,2017-06-17,6,Marcelene,Boyer
957,2017-06-17,9,Layla,Terrell
958,2017-06-18,2,Mireya,Copeland
959,2017-06-18,7,Venita,Daniel
960,2017-06-18,7,Venita,Daniel
961,2017-06-19,2,Mireya,Copeland
962,2017-06-19,7,Venita,Daniel
963,2017-06-19,6,Marcelene,Boyer
964,2017-06-20,7,Venita,Daniel
965,2017-06-20,6,Marcelene,Boyer
966,2017-06-20,8,Kali,Vargas
967,2017-06-21,6,Marcelene,Boyer
968,2017-06-21,6,Marcelene,Boyer
969,2017-06-21,9,Layla,Terrell
970,2017-06-22,7,Venita,Daniel
971,2017-06-22,8,Kali,Vargas
972,2017-06-23,7,Venita,Daniel
973,2017-06-24,6,Marcelene,Boyer
974,2017-06-24,8,Kali,Vargas
975,2017-06-25,6,Marcelene,Boyer
976,2017-06-25,9,Layla,Terrell
977,2017-06-26,7,Venita,Daniel
978,2017-06-26,6,Marcelene,Boyer
979,2017-06-26,6,Marcelene,Boyer
980,2017-06-26,9,Layla,Terrell
981,2017-06-26,8,Kali,Vargas
982,2017-06-26,9,Layla,Terrell
983,2017-06-27,6,Marcelene,Boyer
984,2017-06-27,7,Venita,Daniel
985,2017-06-30,6,Marcelene,Boyer
986,2017-06-30,7,Venita,Daniel
987,2017-07-02,2,Mireya,Copeland
988,2017-07-02,6,Marcelene,Boyer
989,2017-07-02,6,Marcelene,Boyer
990,2017-07-04,7,Venita,Daniel
991,2017-07-06,2,Mireya,Copeland
992,2017-07-07,7,Venita,Daniel
993,2017-07-09,3,Genna,Serrano
994,2017-07-09,7,Venita,Daniel
995,2017-07-11,2,Mireya,Copeland
996,2017-07-11,2,Mireya,Copeland
997,2017-07-11,7,Venita,Daniel
998,2017-07-12,7,Venita,Daniel
999,2017-07-12,6,Marcelene,Boyer
1000,2017-07-12,7,Venita,Daniel
1001,2017-07-13,6,Marcelene,Boyer
1002,2017-07-14,3,Genna,Serrano
1003,2017-07-14,7,Venita,Daniel
1004,2017-07-14,6,Marcelene,Boyer
1005,2017-07-15,7,Venita,Daniel
1006,2017-07-15,7,Venita,Daniel
1007,2017-07-16,6,Marcelene,Boyer
1008,2017-07-16,6,Marcelene,Boyer
1009,2017-07-16,8,Kali,Vargas
1010,2017-07-18,7,Venita,Daniel
1011,2017-07-18,3,Genna,Serrano
1012,2017-07-18,7,Venita,Daniel
1013,2017-07-19,6,Marcelene,Boyer
1014,2017-07-19,6,Marcelene,Boyer
1015,2017-07-19,7,Venita,Daniel
1016,2017-07-19,9,Layla,Terrell
1017,2017-07-20,6,Marcelene,Boyer
1018,2017-07-22,6,Marcelene,Boyer
1019,2017-07-22,7,Venita,Daniel
1020,2017-07-23,6,Marcelene,Boyer
1021,2017-07-23,6,Marcelene,Boyer
1022,2017-07-23,7,Venita,Daniel
1023,2017-07-23,6,Marcelene,Boyer
1024,2017-07-23,7,Venita,Daniel
1025,2017-07-23,6,Marcelene,Boyer
1026,2017-07-26,2,Mireya,Copeland
1027,2017-07-26,6,Marcelene,Boyer
1028,2017-07-27,7,Venita,Daniel
1029,2017-07-29,3,Genna,Serrano
1030,2017-07-29,6,Marcelene,Boyer
1031,2017-07-30,2,Mireya,Copeland
1032,2017-07-30,6,Marcelene,Boyer
1033,2017-07-30,7,Venita,Daniel
1034,2017-07-30,7,Venita,Daniel
1035,2017-07-30,6,Marcelene,Boyer
1036,2017-07-30,6,Marcelene,Boyer
1037,2017-07-31,6,Marcelene,Boyer
1038,2017-07-31,7,Venita,Daniel
1039,2017-08-02,7,Venita,Daniel
1040,2017-08-04,2,Mireya,Copeland
1041,2017-08-04,7,Venita,Daniel
1042,2017-08-06,7,Venita,Daniel
1043,2017-08-06,6,Marcelene,Boyer
1044,2017-08-07,7,Venita,Daniel
1045,2017-08-07,9,Layla,Terrell
1046,2017-08-07,8,Kali,Vargas
1047,2017-08-08,8,Kali,Vargas
1048,2017-08-08,7,Venita,Daniel
1049,2017-08-09,2,Mireya,Copeland
1050,2017-08-09,3,Genna,Serrano
1051,2017-08-10,7,Venita,Daniel
1052,2017-08-10,6,Marcelene,Boyer
1053,2017-08-10,6,Marcelene,Boyer
1054,2017-08-11,7,Venita,Daniel
1055,2017-08-12,6,Marcelene,Boyer
1056,2017-08-12,7,Venita,Daniel
1057,2017-08-12,7,Venita,Daniel
1058,2017-08-13,6,Marcelene,Boyer
1059,2017-08-14,7,Venita,Daniel
1060,2017-08-15,6,Marcelene,Boyer
1061,2017-08-15,7,Venita,Daniel
1062,2017-08-15,6,Marcelene,Boyer
1063,2017-08-16,8,Kali,Vargas
1064,2017-08-16,9,Layla,Terrell
1065,2017-08-17,7,Venita,Daniel
1066,2017-08-17,7,Venita,Daniel
1067,2017-08-17,7,Venita,Daniel
1068,2017-08-17,7,Venita,Daniel
1069,2017-08-17,6,Marcelene,Boyer
1070,2017-08-17,7,Venita,Daniel
1071,2017-08-17,8,Kali,Vargas
1072,2017-08-18,3,Genna,Serrano
1073,2017-08-18,7,Venita,Daniel
1074,2017-08-19,6,Marcelene,Boyer
1075,2017-08-19,3,Genna,Serrano
1076,2017-08-19,6,Marcelene,Boyer
1077,2017-08-19,6,Marcelene,Boyer
1078,2017-08-19,6,Marcelene,Boyer
1079,2017-08-19,7,Venita,Daniel
1080,2017-08-19,7,Venita,Daniel
1081,2017-08-19,6,Marcelene,Boyer
1082,2017-08-20,6,Marcelene,Boyer
1083,2017-08-20,6,Marcelene,Boyer
1084,2017-08-21,2,Mireya,Copeland
1085,2017-08-21,3,Genna,Serrano
1086,2017-08-21,7,Venita,Daniel
1087,2017-08-22,8,Kali,Vargas
1088,2017-08-22,8,Kali,Vargas
1089,2017-08-23,2,Mireya,Copeland
1090,2017-08-24,2,Mireya,Copeland
1091,2017-08-24,7,Venita,Daniel
1092,2017-08-25,2,Mireya,Copeland
1093,2017-08-25,3,Genna,Serrano
1094,2017-08-25,6,Marcelene,Boyer
1095,2017-08-26,9,Layla,Terrell
1096,2017-08-27,2,Mireya,Copeland
1097,2017-08-27,6,Marcelene,Boyer
1098,2017-08-28,2,Mireya,Copeland
1099,2017-08-28,6,Marcelene,Boyer
1100,2017-08-28,7,Venita,Daniel
1101,2017-08-29,7,Venita,Daniel
1102,2017-08-29,6,Marcelene,Boyer
1103,2017-08-31,7,Venita,Daniel
1104,2017-09-01,6,Marcelene,Boyer
1105,2017-09-01,8,Kali,Vargas
1106,2017-09-02,6,Marcelene,Boyer
1107,2017-09-02,7,Venita,Daniel
1108,2017-09-03,3,Genna,Serrano
1109,2017-09-03,6,Marcelene,Boyer
1110,2017-09-04,6,Marcelene,Boyer
1111,2017-09-04,6,Marcelene,Boyer
1112,2017-09-05,7,Venita,Daniel
1113,2017-09-06,7,Venita,Daniel
1114,2017-09-06,6,Marcelene,Boyer
1115,2017-09-07,6,Marcelene,Boyer
1116,2017-09-08,7,Venita,Daniel
1117,2017-09-08,6,Marcelene,Boyer
1118,2017-09-08,6,Marcelene,Boyer
1119,2017-09-10,2,Mireya,Copeland
1120,2017-09-10,7,Venita,Daniel
1121,2017-09-11,7,Venita,Daniel
1122,2017-09-12,6,Marcelene,Boyer
1123,2017-09-13,7,Venita,Daniel
1124,2017-09-13,9,Layla,Terrell
1125,2017-09-14,7,Venita,Daniel
1126,2017-09-14,8,Kali,Vargas
1127,2017-09-15,7,Venita,Daniel
1128,2017-09-15,6,Marcelene,Boyer
1129,2017-09-17,6,Marcelene,Boyer
1130,2017-09-18,3,Genna,Serrano
1131,2017-09-18,3,Genna,Serrano
1132,2017-09-19,6,Marcelene,Boyer
1133,2017-09-19,7,Venita,Daniel
1134,2017-09-19,6,Marcelene,Boyer
1135,2017-09-19,6,Marcelene,Boyer
1136,2017-09-20,6,Marcelene,Boyer
1137,2017-09-20,8,Kali,Vargas
1138,2017-09-21,2,Mireya,Copeland
1139,2017-09-21,2,Mireya,Copeland
1140,2017-09-21,8,Kali,Vargas
1141,2017-09-22,2,Mireya,Copeland
1142,2017-09-23,3,Genna,Serrano
1143,2017-09-24,2,Mireya,Copeland
1144,2017-09-24,7,Venita,Daniel
1145,2017-09-25,6,Marcelene,Boyer
1146,2017-09-25,7,Venita,Daniel
1147,2017-09-25,6,Marcelene,Boyer
1148,2017-09-25,7,Venita,Daniel
1149,2017-09-27,7,Venita,Daniel
1150,2017-09-28,7,Venita,Daniel
1151,2017-09-29,3,Genna,Serrano
1152,2017-09-29,6,Marcelene,Boyer
1153,2017-09-30,7,Venita,Daniel
1154,2017-09-30,7,Venita,Daniel
1155,2017-09-30,7,Venita,Daniel
1156,2017-09-30,7,Venita,Daniel
1157,2017-10-01,3,Genna,Serrano
1158,2017-10-01,2,Mireya,Copeland
1159,2017-10-01,3,Genna,Serrano
1160,2017-10-01,2,Mireya,Copeland
1161,2017-10-01,7,Venita,Daniel
1162,2017-10-01,6,Marcelene,Boyer
1163,2017-10-01,6,Marcelene,Boyer
1164,2017-10-01,6,Marcelene,Boyer
1165,2017-10-02,7,Venita,Daniel
1166,2017-10-03,7,Venita,Daniel
1167,2017-10-04,2,Mireya,Copeland
1168,2017-10-04,6,Marcelene,Boyer
1169,2017-10-04,7,Venita,Daniel
1170,2017-10-05,6,Marcelene,Boyer
1171,2017-10-05,6,Marcelene,Boyer
1172,2017-10-07,7,Venita,Daniel
1173,2017-10-08,7,Venita,Daniel
1174,2017-10-08,6,Marcelene,Boyer
1175,2017-10-09,6,Marcelene,Boyer
1176,2017-10-10,9,Layla,Terrell
1177,2017-10-12,9,Layla,Terrell
1178,2017-10-12,6,Marcelene,Boyer
1179,2017-10-12,9,Layla,Terrell
1180,2017-10-13,3,Genna,Serrano
1181,2017-10-13,7,Venita,Daniel
1182,2017-10-13,7,Venita,Daniel
1183,2017-10-14,6,Marcelene,Boyer
1184,2017-10-14,6,Marcelene,Boyer
1185,2017-10-14,6,Marcelene,Boyer
1186,2017-10-14,6,Marcelene,Boyer
1187,2017-10-15,6,Marcelene,Boyer
1188,2017-10-15,7,Venita,Daniel
1189,2017-10-15,6,Marcelene,Boyer
1190,2017-10-16,6,Marcelene,Boyer
1191,2017-10-17,6,Marcelene,Boyer
1192,2017-10-17,6,Marcelene,Boyer
1193,2017-10-17,7,Venita,Daniel
1194,2017-10-19,2,Mireya,Copeland
1195,2017-10-19,7,Venita,Daniel
1196,2017-10-19,6,Marcelene,Boyer
1197,2017-10-21,6,Marcelene,Boyer
1198,2017-10-22,7,Venita,Daniel
1199,2017-10-23,2,Mireya,Copeland
1200,2017-10-23,6,Marcelene,Boyer
1201,2017-10-23,6,Marcelene,Boyer
1202,2017-10-24,6,Marcelene,Boyer
1203,2017-10-25,7,Venita,Daniel
1204,2017-10-25,6,Marcelene,Boyer
1205,2017-10-26,2,Mireya,Copeland
1206,2017-10-26,6,Marcelene,Boyer
1207,2017-10-26,6,Marcelene,Boyer
1208,2017-10-26,7,Venita,Daniel
1209,2017-10-26,7,Venita,Daniel
1210,2017-10-26,8,Kali,Vargas
1211,2017-10-27,7,Venita,Daniel
1212,2017-10-27,6,Marcelene,Boyer
1213,2017-10-27,9,Layla,Terrell
1214,2017-10-28,6,Marcelene,Boyer
1215,2017-10-28,7,Venita,Daniel
1216,2017-10-28,7,Venita,Daniel
1217,2017-10-28,7,Venita,Daniel
1218,2017-10-30,2,Mireya,Copeland
1219,2017-10-30,7,Venita,Daniel
1220,2017-10-31,6,Marcelene,Boyer
1221,2017-10-31,7,Venita,Daniel
1222,2017-11-01,9,Layla,Terrell
1223,2017-11-02,6,Marcelene,Boyer
1224,2017-11-03,6,Marcelene,Boyer
1225,2017-11-04,2,Mireya,Copeland
1226,2017-11-04,7,Venita,Daniel
1227,2017-11-04,6,Marcelene,Boyer
1228,2017-11-04,6,Marcelene,Boyer
1229,2017-11-05,3,Genna,Serrano
1230,2017-11-05,6,Marcelene,Boyer
1231,2017-11-05,6,Marcelene,Boyer
1232,2017-11-06,3,Genna,Serrano
1233,2017-11-06,6,Marcelene,Boyer
1234,2017-11-07,6,Marcelene,Boyer
1235,2017-11-07,6,Marcelene,Boyer
1236,2017-11-08,7,Venita,Daniel
1237,2017-11-09,2,Mireya,Copeland
1238,2017-11-09,6,Marcelene,Boyer
1239,2017-11-09,7,Venita,Daniel
1240,2017-11-10,7,Venita,Daniel
1241,2017-11-10,7,Venita,Daniel
1242,2017-11-11,6,Marcelene,Boyer
1243,2017-11-11,6,Marcelene,Boyer
1244,2017-11-12,6,Marcelene,Boyer
1245,2017-11-13,7,Venita,Daniel
1246,2017-11-13,7,Venita,Daniel
1247,2017-11-16,2,Mireya,Copeland
1248,2017-11-16,3,Genna,Serrano
1249,2017-11-17,6,Marcelene,Boyer
1250,2017-11-17,6,Marcelene,Boyer
1251,2017-11-17,9,Layla,Terrell
1252,2017-11-18,3,Genna,Serrano
1253,2017-11-18,6,Marcelene,Boyer
1254,2017-11-18,7,Venita,Daniel
1255,2017-11-19,6,Marcelene,Boyer
1256,2017-11-19,6,Marcelene,Boyer
1257,2017-11-19,7,Venita,Daniel
1258,2017-11-20,7,Venita,Daniel
1259,2017-11-21,7,Venita,Daniel
1260,2017-11-22,6,Marcelene,Boyer
1261,2017-11-23,7,Venita,Daniel
1262,2017-11-23,6,Marcelene,Boyer
1263,2017-11-23,6,Marcelene,Boyer
1264,2017-11-24,6,Marcelene,Boyer
1265,2017-11-24,7,Venita,Daniel
1266,2017-11-25,6,Marcelene,Boyer
1267,2017-11-25,6,Marcelene,Boyer
1268,2017-11-26,3,Genna,Serrano
1269,2017-11-26,6,Marcelene,Boyer
1270,2017-11-26,6,Marcelene,Boyer
1271,2017-11-27,6,Marcelene,Boyer
1272,2017-11-27,6,Marcelene,Boyer
1273,2017-11-27,6,Marcelene,Boyer
1274,2017-11-28,7,Venita,Daniel
1275,2017-11-29,2,Mireya,Copeland
1276,2017-11-30,6,Marcelene,Boyer
1277,2017-12-01,6,Marcelene,Boyer
1278,2017-12-01,7,Venita,Daniel
1279,2017-12-01,6,Marcelene,Boyer
1280,2017-12-01,9,Layla,Terrell
1281,2017-12-02,6,Marcelene,Boyer
1282,2017-12-03,6,Marcelene,Boyer
1283,2017-12-04,7,Venita,Daniel
1284,2017-12-04,7,Venita,Daniel
1285,2017-12-04,7,Venita,Daniel
1286,2017-12-04,7,Venita,Daniel
1287,2017-12-07,3,Genna,Serrano
1288,2017-12-07,9,Layla,Terrell
1289,2017-12-08,3,Genna,Serrano
1290,2017-12-08,6,Marcelene,Boyer
1291,2017-12-09,6,Marcelene,Boyer
1292,2017-12-10,6,Marcelene,Boyer
1293,2017-12-10,7,Venita,Daniel
1294,2017-12-11,2,Mireya,Copeland
1295,2017-12-11,7,Venita,Daniel
1296,2017-12-14,3,Genna,Serrano
1297,2017-12-14,6,Marcelene,Boyer
1298,2017-12-14,9,Layla,Terrell
1299,2017-12-15,2,Mireya,Copeland
1300,2017-12-15,6,Marcelene,Boyer
1301,2017-12-16,3,Genna,Serrano
1302,2017-12-16,7,Venita,Daniel
1303,2017-12-16,7,Venita,Daniel
1304,2017-12-16,6,Marcelene,Boyer
1305,2017-12-17,7,Venita,Daniel
1306,2017-12-20,6,Marcelene,Boyer
1307,2017-12-22,2,Mireya,Copeland
1308,2017-12-22,7,Venita,Daniel
1309,2017-12-22,6,Marcelene,Boyer
1310,2017-12-24,3,Genna,Serrano
1311,2017-12-24,6,Marcelene,Boyer
1312,2017-12-25,3,Genna,Serrano
1313,2017-12-25,3,Genna,Serrano
1314,2017-12-25,7,Venita,Daniel
1315,2017-12-25,9,Layla,Terrell
1316,2017-12-26,3,Genna,Serrano
1317,2017-12-27,3,Genna,Serrano
1318,2017-12-27,6,Marcelene,Boyer
1319,2017-12-27,6,Marcelene,Boyer
1320,2017-12-28,3,Genna,Serrano
1321,2017-12-30,3,Genna,Serrano
1322,2017-12-31,7,Venita,Daniel
1323,2017-12-31,6,Marcelene,Boyer
1324,2018-01-01,6,Marcelene,Boyer
1325,2018-01-01,8,Kali,Vargas
1326,2018-01-01,9,Layla,Terrell
1327,2018-01-02,6,Marcelene,Boyer
1328,2018-01-02,6,Marcelene,Boyer
1329,2018-01-04,3,Genna,Serrano
1330,2018-01-04,7,Venita,Daniel
1331,2018-01-05,6,Marcelene,Boyer
1332,2018-01-06,7,Venita,Daniel
1333,2018-01-06,8,Kali,Vargas
1334,2018-01-07,6,Marcelene,Boyer
1335,2018-01-07,7,Venita,Daniel
1336,2018-01-09,2,Mireya,Copeland
1337,2018-01-09,7,Venita,Daniel
1338,2018-01-10,6,Marcelene,Boyer
1339,2018-01-11,3,Genna,Serrano
1340,2018-01-12,3,Genna,Serrano
1341,2018-01-12,7,Venita,Daniel
1342,2018-01-12,7,Venita,Daniel
1343,2018-01-13,6,Marcelene,Boyer
1344,2018-01-13,6,Marcelene,Boyer
1345,2018-01-14,6,Marcelene,Boyer
1346,2018-01-14,8,Kali,Vargas
1347,2018-01-15,2,Mireya,Copeland
1348,2018-01-15,2,Mireya,Copeland
1349,2018-01-15,6,Marcelene,Boyer
1350,2018-01-15,7,Venita,Daniel
1351,2018-01-16,7,Venita,Daniel
1352,2018-01-16,6,Marcelene,Boyer
1353,2018-01-17,6,Marcelene,Boyer
1354,2018-01-19,3,Genna,Serrano
1355,2018-01-19,7,Venita,Daniel
1356,2018-01-19,6,Marcelene,Boyer
1357,2018-01-20,6,Marcelene,Boyer
1358,2018-01-21,2,Mireya,Copeland
1359,2018-01-21,9,Layla,Terrell
1360,2018-01-22,6,Marcelene,Boyer
1361,2018-01-22,7,Venita,Daniel
1362,2018-01-23,6,Marcelene,Boyer
1363,2018-01-24,6,Marcelene,Boyer
1364,2018-01-25,6,Marcelene,Boyer
1365,2018-01-25,7,Venita,Daniel
1366,2018-01-26,6,Marcelene,Boyer
1367,2018-01-27,3,Genna,Serrano
1368,2018-01-27,6,Marcelene,Boyer
1369,2018-01-28,6,Marcelene,Boyer
1370,2018-01-28,7,Venita,Daniel
1371,2018-01-29,7,Venita,Daniel
1372,2018-01-29,6,Marcelene,Boyer
1373,2018-01-29,9,Layla,Terrell
1374,2018-01-30,3,Genna,Serrano
1375,2018-01-30,8,Kali,Vargas
1376,2018-02-01,2,Mireya,Copeland
1377,2018-02-01,7,Venita,Daniel
1378,2018-02-02,2,Mireya,Copeland
1379,2018-02-02,6,Marcelene,Boyer
1380,2018-02-05,3,Genna,Serrano
1381,2018-02-05,7,Venita,Daniel
1382,2018-02-06,6,Marcelene,Boyer
1383,2018-02-07,3,Genna,Serrano
1384,2018-02-08,7,Venita,Daniel
1385,2018-02-08,9,Layla,Terrell
1386,2018-02-09,2,Mireya,Copeland
1387,2018-02-09,7,Venita,Daniel
1388,2018-02-09,7,Venita,Daniel
1389,2018-02-11,7,Venita,Daniel
1390,2018-02-12,7,Venita,Daniel
1391,2018-02-13,7,Venita,Daniel
1392,2018-02-13,6,Marcelene,Boyer
1393,2018-02-14,7,Venita,Daniel
1394,2018-02-14,8,Kali,Vargas
1395,2018-02-15,3,Genna,Serrano
1396,2018-02-15,7,Venita,Daniel
1397,2018-02-15,6,Marcelene,Boyer
1398,2018-02-16,3,Genna,Serrano
1399,2018-02-16,6,Marcelene,Boyer
1400,2018-02-17,6,Marcelene,Boyer
1401,2018-02-18,7,Venita,Daniel
1402,2018-02-19,6,Marcelene,Boyer
1403,2018-02-21,7,Venita,Daniel
1404,2018-02-23,3,Genna,Serrano
1405,2018-02-25,6,Marcelene,Boyer
1406,2018-02-25,7,Venita,Daniel
1407,2018-02-26,6,Marcelene,Boyer
1408,2018-02-26,6,Marcelene,Boyer
1409,2018-02-26,8,Kali,Vargas
1410,2018-02-27,7,Venita,Daniel
1411,2018-03-01,2,Mireya,Copeland
1412,2018-03-01,7,Venita,Daniel
1413,2018-03-01,8,Kali,Vargas
1414,2018-03-03,7,Venita,Daniel
1415,2018-03-03,7,Venita,Daniel
1416,2018-03-03,8,Kali,Vargas
1417,2018-03-04,2,Mireya,Copeland
1418,2018-03-04,6,Marcelene,Boyer
1419,2018-03-04,6,Marcelene,Boyer
1420,2018-03-04,7,Venita,Daniel
1421,2018-03-05,7,Venita,Daniel
1422,2018-03-05,8,Kali,Vargas
1423,2018-03-06,2,Mireya,Copeland
1424,2018-03-07,2,Mireya,Copeland
1425,2018-03-07,6,Marcelene,Boyer
1426,2018-03-07,6,Marcelene,Boyer
1427,2018-03-07,6,Marcelene,Boyer
1428,2018-03-08,7,Venita,Daniel
1429,2018-03-08,6,Marcelene,Boyer
1430,2018-03-10,7,Venita,Daniel
1431,2018-03-11,6,Marcelene,Boyer
1432,2018-03-11,6,Marcelene,Boyer
1433,2018-03-11,7,Venita,Daniel
1434,2018-03-14,6,Marcelene,Boyer
1435,2018-03-14,6,Marcelene,Boyer
1436,2018-03-14,6,Marcelene,Boyer
1437,2018-03-15,2,Mireya,Copeland
1438,2018-03-15,6,Marcelene,Boyer
1439,2018-03-15,7,Venita,Daniel
1440,2018-03-15,8,Kali,Vargas
1441,2018-03-15,8,Kali,Vargas
1442,2018-03-16,7,Venita,Daniel
1443,2018-03-16,7,Venita,Daniel
1444,2018-03-16,6,Marcelene,Boyer
1445,2018-03-17,7,Venita,Daniel
1446,2018-03-17,6,Marcelene,Boyer
1447,2018-03-18,3,Genna,Serrano
1448,2018-03-18,6,Marcelene,Boyer
1449,2018-03-18,7,Venita,Daniel
1450,2018-03-19,7,Venita,Daniel
1451,2018-03-19,6,Marcelene,Boyer
1452,2018-03-20,3,Genna,Serrano
1453,2018-03-20,3,Genna,Serrano
1454,2018-03-20,6,Marcelene,Boyer
1455,2018-03-20,6,Marcelene,Boyer
1456,2018-03-20,7,Venita,Daniel
1457,2018-03-20,6,Marcelene,Boyer
1458,2018-03-20,8,Kali,Vargas
1459,2018-03-21,7,Venita,Daniel
1460,2018-03-21,7,Venita,Daniel
1461,2018-03-22,6,Marcelene,Boyer
1462,2018-03-22,6,Marcelene,Boyer
1463,2018-03-23,7,Venita,Daniel
1464,2018-03-24,7,Venita,Daniel
1465,2018-03-25,7,Venita,Daniel
1466,2018-03-26,3,Genna,Serrano
1467,2018-03-26,7,Venita,Daniel
1468,2018-03-27,2,Mireya,Copeland
1469,2018-03-27,8,Kali,Vargas
1470,2018-03-28,7,Venita,Daniel
1471,2018-03-28,7,Venita,Daniel
1472,2018-03-29,6,Marcelene,Boyer
1473,2018-03-30,2,Mireya,Copeland
1474,2018-03-30,3,Genna,Serrano
1475,2018-03-30,6,Marcelene,Boyer
1476,2018-03-31,7,Venita,Daniel
1477,2018-03-31,6,Marcelene,Boyer
1478,2018-03-31,6,Marcelene,Boyer
1479,2018-04-01,7,Venita,Daniel
1480,2018-04-01,7,Venita,Daniel
1481,2018-04-01,6,Marcelene,Boyer
1482,2018-04-01,7,Venita,Daniel
1483,2018-04-02,7,Venita,Daniel
1484,2018-04-02,6,Marcelene,Boyer
1485,2018-04-02,7,Venita,Daniel
1486,2018-04-02,7,Venita,Daniel
1487,2018-04-03,3,Genna,Serrano
1488,2018-04-03,3,Genna,Serrano
1489,2018-04-03,3,Genna,Serrano
1490,2018-04-03,3,Genna,Serrano
1491,2018-04-04,3,Genna,Serrano
1492,2018-04-04,7,Venita,Daniel
1493,2018-04-04,8,Kali,Vargas
1494,2018-04-05,3,Genna,Serrano
1495,2018-04-05,7,Venita,Daniel
1496,2018-04-06,3,Genna,Serrano
1497,2018-04-06,2,Mireya,Copeland
1498,2018-04-06,2,Mireya,Copeland
1499,2018-04-06,2,Mireya,Copeland
1500,2018-04-06,3,Genna,Serrano
1501,2018-04-06,6,Marcelene,Boyer
1502,2018-04-06,6,Marcelene,Boyer
1503,2018-04-07,3,Genna,Serrano
1504,2018-04-08,2,Mireya,Copeland
1505,2018-04-08,7,Venita,Daniel
1506,2018-04-08,7,Venita,Daniel
1507,2018-04-08,6,Marcelene,Boyer
1508,2018-04-08,6,Marcelene,Boyer
1509,2018-04-09,3,Genna,Serrano
1510,2018-04-09,6,Marcelene,Boyer
1511,2018-04-09,6,Marcelene,Boyer
1512,2018-04-09,9,Layla,Terrell
1513,2018-04-10,2,Mireya,Copeland
1514,2018-04-10,3,Genna,Serrano
1515,2018-04-10,9,Layla,Terrell
1516,2018-04-11,3,Genna,Serrano
1517,2018-04-11,2,Mireya,Copeland
1518,2018-04-11,2,Mireya,Copeland
1519,2018-04-11,7,Venita,Daniel
1520,2018-04-11,8,Kali,Vargas
1521,2018-04-12,3,Genna,Serrano
1522,2018-04-12,3,Genna,Serrano
1523,2018-04-12,7,Venita,Daniel
1524,2018-04-12,6,Marcelene,Boyer
1525,2018-04-12,7,Venita,Daniel
1526,2018-04-12,7,Venita,Daniel
1527,2018-04-12,9,Layla,Terrell
1528,2018-04-12,8,Kali,Vargas
1529,2018-04-12,8,Kali,Vargas
1530,2018-04-13,2,Mireya,Copeland
1531,2018-04-13,2,Mireya,Copeland
1532,2018-04-13,7,Venita,Daniel
1533,2018-04-13,6,Marcelene,Boyer
1534,2018-04-14,7,Venita,Daniel
1535,2018-04-14,7,Venita,Daniel
1536,2018-04-14,7,Venita,Daniel
1537,2018-04-15,6,Marcelene,Boyer
1538,2018-04-15,6,Marcelene,Boyer
1539,2018-04-15,9,Layla,Terrell
1540,2018-04-16,2,Mireya,Copeland
1541,2018-04-16,7,Venita,Daniel
1542,2018-04-16,6,Marcelene,Boyer
1543,2018-04-16,6,Marcelene,Boyer
1544,2018-04-17,2,Mireya,Copeland
1545,2018-04-17,3,Genna,Serrano
1546,2018-04-17,3,Genna,Serrano
1547,2018-04-17,3,Genna,Serrano
1548,2018-04-17,2,Mireya,Copeland
1549,2018-04-17,7,Venita,Daniel
1550,2018-04-17,6,Marcelene,Boyer
1551,2018-04-17,7,Venita,Daniel
1552,2018-04-17,7,Venita,Daniel
1553,2018-04-18,3,Genna,Serrano
1554,2018-04-18,3,Genna,Serrano
1555,2018-04-18,7,Venita,Daniel
1556,2018-04-18,6,Marcelene,Boyer
1557,2018-04-19,3,Genna,Serrano
1558,2018-04-19,6,Marcelene,Boyer
1559,2018-04-20,6,Marcelene,Boyer
1560,2018-04-20,7,Venita,Daniel
1561,2018-04-20,7,Venita,Daniel
1562,2018-04-20,7,Venita,Daniel
1563,2018-04-20,9,Layla,Terrell
1564,2018-04-21,3,Genna,Serrano
1565,2018-04-21,2,Mireya,Copeland
1566,2018-04-21,3,Genna,Serrano
1567,2018-04-21,2,Mireya,Copeland
1568,2018-04-21,3,Genna,Serrano
1569,2018-04-22,7,Venita,Daniel
1570,2018-04-22,7,Venita,Daniel
1571,2018-04-22,7,Venita,Daniel
1572,2018-04-22,9,Layla,Terrell
1573,2018-04-23,2,Mireya,Copeland
1574,2018-04-23,2,Mireya,Copeland
1575,2018-04-23,3,Genna,Serrano
1576,2018-04-23,7,Venita,Daniel
1577,2018-04-23,7,Venita,Daniel
1578,2018-04-23,7,Venita,Daniel
1579,2018-04-24,2,Mireya,Copeland
1580,2018-04-24,2,Mireya,Copeland
1581,2018-04-25,2,Mireya,Copeland
1582,2018-04-25,3,Genna,Serrano
1583,2018-04-25,6,Marcelene,Boyer
1584,2018-04-26,3,Genna,Serrano
1585,2018-04-26,3,Genna,Serrano
1586,2018-04-26,2,Mireya,Copeland
1587,2018-04-26,2,Mireya,Copeland
1588,2018-04-26,6,Marcelene,Boyer
1589,2018-04-27,3,Genna,Serrano
1590,2018-04-27,3,Genna,Serrano
1591,2018-04-27,2,Mireya,Copeland
1592,2018-04-27,7,Venita,Daniel
1593,2018-04-27,6,Marcelene,Boyer
1594,2018-04-28,7,Venita,Daniel
1595,2018-04-28,7,Venita,Daniel
1596,2018-04-28,8,Kali,Vargas
1597,2018-04-28,9,Layla,Terrell
1598,2018-04-29,3,Genna,Serrano
1599,2018-04-29,7,Venita,Daniel
1600,2018-04-29,6,Marcelene,Boyer
1601,2018-04-29,8,Kali,Vargas
1602,2018-04-30,6,Marcelene,Boyer
1603,2018-04-30,6,Marcelene,Boyer
1604,2018-06-17,7,Venita,Daniel
1605,2018-07-01,8,Kali,Vargas
1606,2018-07-10,8,Kali,Vargas
1607,2018-07-11,2,Mireya,Copeland
1608,2018-07-12,2,Mireya,Copeland
1609,2018-08-23,7,Venita,Daniel
1610,2018-08-25,7,Venita,Daniel
1611,2018-09-06,7,Venita,Daniel
1612,2018-10-21,3,Genna,Serrano
1613,2018-11-18,6,Marcelene,Boyer
1614,2018-11-28,8,Kali,Vargas
1615,2018-12-28,8,Kali,Vargas
